LocationName,Address1,Address2,Locality,Region,PostalCode,CountryCode,PhoneNumber,Email,Longitude,Latitude
"Benton, John B Jr",6649 N Blue Gum St,,New Orleans,LA,70116,US,504-621-8927,jbutt@gmail.com,,
"Chanay, Jeffrey A Esq",4 B Blue Ridge Blvd,,Brighton,MI,48116,US,810-292-9388,josephine_darakjy@darakjy.org,,
"Chemel, James L Cpa",8 W Cerritos Ave,#54,Bridgeport,NJ,8014,US,856-636-8749,art@venere.org,,
Feltz Printing Service,639 Main St,,Anchorage,AK,99501,US,907-385-4412,lpaprocki@hotmail.com,,
Printing Dimensions,34 Center St,,Hamilton,OH,45011,US,513-570-1893,donette.foller@cox.net,,
"Chapman, Ross E Esq",3 Mcauley Dr,,Ashland,OH,44805,US,419-503-2484,simona@morasca.com,,
Morlong Associates,7 Eads St,,Chicago,IL,60632,US,773-573-6914,mitsue_tollner@yahoo.com,,
Commercial Press,7 W Jackson Blvd,,San Jose,CA,95111,US,408-752-3500,leota@hotmail.com,,
Truhlar And Truhlar Attys,5 Boston Ave,#88,Sioux Falls,SD,57105,US,605-414-2147,sage_wieser@cox.net,,
"King, Christopher A Esq",228 Runamuck Pl,#2808,Baltimore,MD,21224,US,410-655-8723,kris@gmail.com,,
"Dorl, James J Esq",2371 Jerrold Ave,,Kulpsville,PA,19443,US,215-874-1229,minna_amigon@yahoo.com,,
Rangoni Of Florence,37275 St  Rt 17m M,,Middle Island,NY,11953,US,631-335-3414,amaclead@gmail.com,,
Feiner Bros,25 E 75th St ,#69,Los Angeles,CA,90034,US,310-498-5651,kiley.caldarera@aol.com,,
Buckley Miller & Wright,98 Connecticut Ave Nw,,Chagrin Falls,OH,44023,US,440-780-8425,gruta@cox.net,,
"Rousseaux, Michael Esq",56 E Morehead St,,Laredo,TX,78045,US,956-537-6195,calbares@gmail.com,,
Century Communications,73 State Road 434 E,,Phoenix,AZ,85013,US,602-277-4385,mattie@aol.com,,
"Bolton, Wilbur Esq",69734 E Carrillo St,,Mc Minnville,TN,37110,US,931-313-9635,meaghan@hotmail.com,,
T M Byxbee Company Pc,322 New Horizon Blvd,,Milwaukee,WI,53207,US,414-661-9598,gladys.rim@rim.org,,
Farmers Insurance Group,1 State Route 27,,Taylor,MI,48180,US,313-288-7937,yuki_whobrey@aol.com,,
Post Box Services Plus,394 Manchester Blvd,,Rockford,IL,61109,US,815-828-2147,fletcher.flosi@yahoo.com,,
Sport En Art,6 S 33rd St,,Aston,PA,19014,US,610-545-3615,bette_nicka@cox.net,,
C 4 Network Inc,6 Greenleaf Ave,,San Jose,CA,95111,US,408-540-1785,vinouye@aol.com,,
"Ingalls, Donald R Esq",618 W Yakima Ave,,Irving,TX,75062,US,972-303-9197,willard@hotmail.com,,
"Franklin, Peter L Esq",74 S Westgate St,,Albany,NY,12204,US,518-966-7987,mroyster@royster.com,,
Wtlz Power 107 Fm,3273 State St,,Middlesex,NJ,8846,US,732-658-3154,alisha@slusarski.com,,
"Ledecky, David Esq",1 Central Ave,,Stevens Point,WI,54481,US,715-662-6764,allene_iturbide@cox.net,,
Professional Image Inc,86 Nw 66th St ,#8673,Shawnee,KS,66218,US,913-388-2079,chanel.caudy@caudy.org,,
"Sider, Donald C Esq",2 Cedar Ave ,#84,Easton,MD,21601,US,410-669-1642,ezekiel@chui.com,,
U Pull It,90991 Thorburn Ave,,New York,NY,10011,US,212-582-4976,wkusko@yahoo.com,,
"Clark, Richard Cpa",386 9th Ave N,,Conroe,TX,77301,US,936-336-3951,bfigeroa@aol.com,,
"Moskowitz, Barry S",74874 Atlantic Ave,,Columbus,OH,43215,US,614-801-9788,ammie@corrio.com,,
Cascade Realty Advisors Inc,366 South Dr,,Las Cruces,NM,88011,US,505-977-3911,francine_vocelka@vocelka.com,,
Knwz Newsradio,45 E Liberty St,,Ridgefield Park,NJ,7660,US,201-709-6245,ernie_stenseth@aol.com,,
"Giampetro, Anthony D",4 Ralph Ct,,Dunellen,NJ,8812,US,732-924-7882,albina@glick.com,,
Milford Enterprises Inc,2742 Distribution Way,,New York,NY,10025,US,212-860-1579,asergi@gmail.com,,
"Mosocco, Ronald A",426 Wolf St,,Metairie,LA,70002,US,504-979-9175,solange@shinko.com,,
Tri State Refueler Co,128 Bransten Rd,,New York,NY,10011,US,212-675-8570,jose@yahoo.com,,
Parkway Company,17 Morena Blvd,,Camarillo,CA,93012,US,805-832-6163,rozella.ostrosky@ostrosky.com,,
Fbs Business Finance,775 W 17th St,,San Antonio,TX,78204,US,210-812-9597,valentine_gillian@gmail.com,,
Eder Assocs Consltng Engrs Pc,6980 Dorsett Rd,,Abilene,KS,67410,US,785-463-7829,kati.rulapaugh@hotmail.com,,
Tri M Tool Inc,2881 Lewis Rd,,Prineville,OR,97754,US,541-548-8197,youlanda@aol.com,,
International Eyelets Inc,7219 Woodfield Rd,,Overland Park,KS,66204,US,913-413-4604,doldroyd@aol.com,,
Rapid Trading Intl,1048 Main St,,Fairbanks,AK,99708,US,907-231-4722,roxane@hotmail.com,,
Abc Enterprises Inc,678 3rd Ave,,Miami,FL,33196,US,305-606-7291,lperin@perin.org,,
Cindy Turner Associates,20 S Babcock St,,Fairbanks,AK,99712,US,907-741-1044,erick.ferencz@aol.com,,
"Stanton, James D Esq",2 Lighthouse Ave,,Hopkins,MN,55343,US,952-768-2416,fsaylors@saylors.org,,
Grace Pastries Inc,38938 Park Blvd,,Boston,MA,2128,US,617-399-5124,jina_briddick@briddick.com,,
"Schroer, Gene E Esq",5 Tomahawk Dr,,Los Angeles,CA,90006,US,323-453-2780,kanisha_waycott@yahoo.com,,
Knights Inn,762 S Main St,,Madison,WI,53711,US,608-336-7444,emerson.bowley@bowley.org,,
