LocationName,Address1,Address2,Locality,Region,PostalCode,CountryCode,PhoneNumber,Email,Longitude,Latitude
"Brandt, Jonathan F Esq",171 E 24th St,,Leith,TA,7315,AU,03-8174-9123,rebbecca.didio@didio.com.au,,
Landrum Temporary Services,22222 Acoma St,,Proston,QL,4613,AU,07-9997-3366,stevie.hallo@hotmail.com,,
"Inabinet, Macre Esq",534 Schoenborn St,#51,Hamel,WA,6215,AU,08-5558-9019,mariko_stayer@hotmail.com,,
Morris Downing & Sherred,69206 Jackson Ave,,Talmalmo,NS,2640,AU,02-6044-4682,gerardo_woodka@hotmail.com,,
"Buelt, David L Esq",808 Glen Cove Ave,,Lane Cove,NS,1595,AU,02-1455-6085,mayra.bena@gmail.com,,
Artesian Ice & Cold Storage Co,373 Lafayette St,,Cartmeticup,WA,6316,AU,08-7868-1355,idella@hotmail.com,,
Midway Hotel,87 Sylvan Ave,,Nyamup,WA,6258,AU,08-6522-8931,sklar@hotmail.com,,
"Selsor, Robert J Esq",60562 Ky Rt 321,,Bendick Murrell,NS,2803,AU,02-5226-9402,ena_desjardiws@desjardiws.com.au,,
Vincent J Petti & Co,70 S 18th Pl,,Purrawunda,QL,4356,AU,07-3184-9989,vince_siena@yahoo.com,,
"Prentiss, Paul F Esq",8839 Ventura Blvd,,Blanchetown,SA,5357,AU,08-6890-4661,tjarding@hotmail.com,,
Public Works Department,3684 N Wacker Dr,,Rockside,QL,4343,AU,07-8135-3271,amira.chudej@chudej.net.au,,
Prudential Lighting Corp,68828 S 32nd St,#6,Rosegarland,TA,7140,AU,03-1174-6817,marica.tarbor@hotmail.com,,
"Wood, J Scott Esq",43157 Cypress St,,Ringwood,QL,4343,AU,07-7977-6039,shawna.albrough@albrough.com.au,,
Swanson Peterson Fnrl Home Inc,6 S Hanover Ave,,Maylands,WA,6931,AU,08-8344-8929,paulina_maker@maker.net.au,,
Old Cider Mill Grove,27916 Tarrytown Rd,,Wooloowin,QL,4030,AU,07-4941-9471,rose@jebb.net.au,,
Cooper Myers Y Co,79620 Timber Dr,,Arthurville,NS,2820,AU,02-3518-7078,rtabar@hotmail.com,,
Angelo International,387 Airway Cir,#62,Mapleton,QL,4560,AU,07-9387-7293,mbewley@yahoo.com,,
"Blackley, William J Pa",570 W Pine St,,Tuggerawong,NS,2259,AU,02-5171-4345,camellia_pylant@gmail.com,,
Phoenix Phototype,823 Fishers Ln,,Red Hill,AC,2603,AU,02-5311-7778,rnybo@nybo.net.au,,
Quartzite Processing Inc,4 Brookcrest Dr #7786,,Inverlaw,QL,4610,AU,07-9354-2612,albert.sonier@gmail.com,,
Biltmore Textile Co Inc,72 Wyoming Ave,,Eugowra,NS,2806,AU,02-1638-4380,htaghon@taghon.net.au,,
Gateway Refrigeration,754 Sammis Ave,,Kotara Fair,NS,2289,AU,02-5322-6127,ndaleo@daleo.net.au,,
Anchorage Yamaha,660 N Green St,,Burpengary,QL,4505,AU,07-6460-4488,rosina_sidhu@gmail.com,,
Wynns Precision Inc Az Div,970 Waterloo Rd,,Ellis Beach,QL,4879,AU,07-5338-6357,royal_costeira@costeira.com.au,,
Paragon Cable Tv,4129 Abbott Dr,,Fish Creek,VI,3959,AU,03-6443-2786,bnicley@nicley.com.au,,
Eagle Computer Services Inc,1529 Prince Rodgers Ave,,Kennedy,QL,4816,AU,07-4785-3781,lgedman@gedman.net.au,,
Kansas Association Ins Agtts,2 N Valley Mills Dr,,Cape Portland,TA,7264,AU,03-6543-6688,laura.bourbonnais@yahoo.com,,
"Di Giacomo, Richard F Esq",50968 Kurtz St #45,,Warra,QL,4411,AU,07-3721-9123,fstoneking@hotmail.com,,
"Butler, Frank B Esq",71585 S Ayon Ave #9,,Wanguri,NT,810,AU,08-2748-1250,kristian@yahoo.com,,
Alphagraphics Printshops,8 Old County Rd #3,,Alvie,VI,3249,AU,03-7063-6734,gjulye@hotmail.com,,
Voyager Travel Service,13904 S 35th St,,Wherrol Flat,NS,2429,AU,02-8171-9051,ben.majorga@hotmail.com,,
N Amer Plast & Chemls Co Inc,6149 Kapiolani Blvd #6,,Placid Hills,QL,4343,AU,07-1153-8567,trina@oto.com.au,,
D L Downing General Contr Inc,95431 34th Ave #62,,Nedlands,WA,6909,AU,08-7097-3947,emelda.geffers@gmail.com,,
Community Insurance Agy Inc,25 Swift Ave,,Auchenflower,QL,4066,AU,07-7991-8880,zana_ploszaj@ploszaj.net.au,,
House Of Ing,14304 Old Alexandria Ferry Rd,,Buninyong,VI,3357,AU,03-8998-5485,shaun.rael@rael.com.au,,
Vei Inc,1585 Salem Church Rd #59,,Dangar Island,NS,2083,AU,02-5046-1307,olobosco@hotmail.com,,
"Hanna, Robert J Esq",75962 E Drinker St,,Sunny Nook,QL,4605,AU,07-6476-1399,caguele@gmail.com,,
Design Rite Homes Inc,8978 W Henrietta Rd,,Minden,QL,4311,AU,07-4463-7223,pboudrie@boudrie.net.au,,
State Library,86 Worth St #272,,Tibradden,WA,6532,AU,08-3071-2258,kathryn.bonalumi@yahoo.com,,
Vista Grande Baptist Church,15 Campville Rd #191,,Clermont,QL,4721,AU,07-1576-1412,suzan.landa@gmail.com,,
Poole Publications Inc,3 N Ridge Ave,,Kadina,SA,5554,AU,08-9130-3372,sagar@agar.net.au,,
Affilated Consulting Group Inc,3713 Poway Rd,,Sawtell,NS,2452,AU,02-4972-3570,krebich@rebich.net.au,,
Northwestern Mutual Life Ins,1 E 17th St,,East Gosford,NS,2250,AU,02-7160-2066,rupert_hinkson@hinkson.net.au,,
Barrett Burke Wilson Castl,5 Liberty Ave,,Fosterville,VI,3557,AU,03-2691-1298,apoarch@gmail.com,,
Helricks Inc,404 Broxton Ave,,Bateau Bay,NS,2261,AU,02-3877-9654,jamal_korczynski@gmail.com,,
"Wynn, Mary Ellen Esq",4 S Main St #285,,Glenmoral,QL,4719,AU,07-2679-1774,luz_broccoli@hotmail.com,,
Mackraft Signs,1255 W Passaic St #1553,,Bolivia,NS,2372,AU,02-2367-6845,janessa@yahoo.com,,
Ansaring Answering Service,377 Excalibur Dr,,East Melbourne,VI,3002,AU,03-3474-2120,lavonne.esco@yahoo.com,,
Joiner & Goudeau Law Offices,7 Wilshire Blvd,,Taringa,QL,4068,AU,07-8087-2603,honey_lymaster@lymaster.net.au,,
"Cox, J Thomas Jr",7 Hugh Wallis Rd,,Koolan Island,WA,6733,AU,08-5263-2786,jean.cecchinato@gmail.com,,
"Bill, Michael M",7177 E 14th St,,Maleny,QL,4552,AU,07-1778-9968,kflitcroft@hotmail.com,,
A B C Tank Co,67765 W 11th St,,Yelverton,WA,6280,AU,08-2666-6390,csoros@gmail.com,,
"Jolley, Mark A Cpa",99968 Merced St #79,,Flinders,NS,2529,AU,02-4458-2810,rolf_gene@gene.com.au,,
Melco Embroidery Systems,40 E 19th Ave,,Empire Bay,NS,2257,AU,02-3996-9188,darnell_moothart@yahoo.com,,
Witchs Brew,84826 Plaza Dr,,Rose Bay North,NS,2030,AU,02-4873-1914,cherilyn_fraize@fraize.net.au,,
Funding Equity Corp,20214 W Main St,,Macks Creek,VI,3971,AU,03-4933-4205,lynda.lazzaro@gmail.com,,
Saturn Of Delray,8039 Howard Ave,,East Toowoomba,QL,4350,AU,07-4823-9785,leigha.capelli@capelli.com.au,,
Motel 6,8 Austin Bluffs Pky,,Bimbijy,WA,6472,AU,08-3692-5784,delfina_binnie@binnie.net.au,,
Ultimate In Womens Apparel The,96605 Pioneer Rd,,Kundabung,NS,2441,AU,02-5078-4389,carlota.gephardt@gephardt.com.au,,
"Ballinger, Maria Chan Esq",6 Hope Rd #10,,Pinnacle,QL,4741,AU,07-1642-3251,alida@helger.com.au,,
N E Industrial Distr Inc,65898 E St Nw,,Watsonville,QL,4887,AU,07-2373-6048,donte.resureccion@yahoo.com,,
"Joondeph, Jerome J Esq",39 Broad St,,Seaforth,NS,2092,AU,02-7328-3350,lou.kriner@hotmail.com,,
Art In Forms,654 Seguine Ave,,White Hills,TA,7258,AU,03-1981-6209,dortha@vrieze.net.au,,
Central Hudson Ent Corp,78 31st St,,Bellangry,NS,2446,AU,02-6246-5711,genevive@hotmail.com,,
"Marscher, William F Iii",35673 Annapolis Rd #190,,Ascot,QL,4359,AU,07-3760-1546,alease_strawbridge@strawbridge.com.au,,
"Smith, Sean O Esq",98247 Russell Blvd,,Stafford Heights,QL,4053,AU,07-6034-2422,veda.mishkin@mishkin.com.au,,
Maverik Country Stores Inc,3 S Willow St #82,,Bygalorie,NS,2669,AU,02-5487-7528,craig_vandersloot@yahoo.com,,
United Christian Cmnty Crdt Un,199 Maple Ave,,Boolaroo,NS,2284,AU,02-2546-5344,ltovmasyan@tovmasyan.net.au,,
"Radecker, H Philip Jr",423 S Navajo St #56,,Brookhill,QL,4816,AU,07-9896-4827,aaron_kloska@kloska.net.au,,
"Cullen, Jack J Esq",5 30w W #3083,,Hillston,NS,2675,AU,02-5941-3178,francene.skursky@skursky.net.au,,
Kszl Am Radio,57245 W Union Blvd #25,,Ivanhoe East,VI,3079,AU,03-2822-8156,zdaria@gmail.com,,
"Blewett, Yvonne S",971 Northwest Blvd,,Caniambo,VI,3630,AU,03-5722-3451,brigette@breckenstein.com.au,,
Sheraton Inn Atlanta Northwest,1089 Pacific Coast Hwy,,Myrniong,VI,3341,AU,03-3268-5102,jeniffer@gmail.com,,
"Preston, Anne M Esq",6787 Emerson St,,Woolamai,VI,3995,AU,03-9183-9493,selm@elm.net.au,,
A & A Custom Rubber Stamps,8 Middletown Blvd #708,,Wardering,WA,6311,AU,08-5671-3318,ehandler@yahoo.com,,
"Hirsch, Walter W Esq",56 Tank Farm Rd,,Kukerin,WA,6352,AU,08-9746-2341,nadine.okojie@okojie.com.au,,
"Jones, Peter B Esq",503 Fulford Ave,,Somers,VI,3927,AU,03-4529-7210,kristin@hotmail.com,,
Sterling Institute,8275 Calle De Industrias,,Wayatinah,TA,7140,AU,03-4387-3800,melinda_fellhauer@fellhauer.com.au,,
Cross Western Store,92 South St,,Alligator Creek,QL,4740,AU,07-5284-3845,kirby.litherland@hotmail.com,,
Demer Normann Smith Ltd,56710 Euclid Ave,,Camp Mountain,QL,4520,AU,07-8661-4016,kent_ivans@yahoo.com,,
Ny Stat Trial Lawyers Assn,5210 E Airy St #2,,Brandy Creek,QL,4800,AU,07-4306-1623,dan_platz@hotmail.com,,
"Mann, Charles E Esq",31 Schuyler Ave,,Sovereign Hill,VI,3350,AU,03-6023-2680,millie_pirkl@gmail.com,,
Airnetics Engineering Co,661 Plummer St #963,,Arno Bay,SA,5603,AU,08-7687-4883,moira.qadir@gmail.com,,
American Pie Co Inc,1351 Simpson St,,Maffra,VI,3860,AU,03-1974-9948,reta.qazi@yahoo.com,,
Brown Chiropractic,2391 Pacific Blvd,,Ulverstone,TA,7315,AU,03-4072-7094,brittney@lolley.net.au,,
Classic Video Duplication Inc,1886 2nd Ave,,Wattle Hill,TA,7172,AU,03-8157-4609,leandro_bolka@hotmail.com,,
Mcclier Corp,52404 S Clinton Ave,,Bower,SA,5374,AU,08-9114-1763,edison.sumera@sumera.net.au,,
Gormley Lore Murphy,405 W Lee St,,Stonehaven,VI,3221,AU,03-2305-8627,breana@yahoo.com,,
Thudium Mail Advg Company,5656 N Fiesta Blvd,,East Newdegate,WA,6355,AU,08-2117-5217,jarvis@gmail.com,,
Jen E Distributing Co,9 Beverly Rd #5,,Emerald,VI,3782,AU,03-2451-1896,felicitas_orlinski@orlinski.com.au,,
Re/max Realty Services,96 Armitage Ave,,Katunga,VI,3640,AU,03-8243-2999,geraldine@gmail.com,,
Roundys Pole Fence Co,523 N Prince St,,Willunga,SA,5172,AU,08-9450-7978,alfred@pacleb.net.au,,
Chadds Ford Winery,6926 Orange Ave,,Two Rocks,WA,6037,AU,08-7635-8350,leatha_block@gmail.com,,
"Barragar, Anne L Esq",6940 Prospect Pl,,Caldwell,NS,2710,AU,02-4565-6425,jacquelyne.rosso@yahoo.com,,
Kvoo Radio,52347 San Fernando Rd,,Coppabella,QL,4741,AU,07-8085-8351,jepps@hotmail.com,,
"Donovan, William P Esq",5399 Mcwhorter Rd,,Calala,NS,2340,AU,02-8007-5034,rosamond.amlin@gmail.com,,
Overseas General Business Co,7 Hall St,,Nambucca Heads,NS,2448,AU,02-1718-4983,johnson@gmail.com,,
Nilad Machining,5 W Allen St,,Mccullys Gap,NS,2333,AU,02-3647-9507,elliot.scatton@hotmail.com,,
"Byrne, Beth Hobbs",15126 Goldenwest St,,Toowoomba South,QL,4350,AU,07-6019-7861,gerri@yahoo.com,,
"Dileo, Lucille A Esq",94 I 55s S,,Applecross,WA,6953,AU,08-7712-4785,rosendo_jelsma@hotmail.com,,
